metric_id,metric_name,units,cob_date,value
RM8,Customer Shorts Counterparty Concentration,n/a,2025-10-30,LARGECO INC
RM8,Customer Shorts Counterparty Concentration,n/a,2025-10-29,LARGECO INC
RM8,Customer Shorts Counterparty Concentration,n/a,2025-10-26,LARGECO INC
RM8,Customer Shorts Counterparty Concentration,n/a,2025-10-24,LARGECO INC
RM8,Customer Shorts Counterparty Concentration,n/a,2025-10-23,LARGECO INC
RM8,Customer Shorts Counterparty Concentration,n/a,2025-10-22,LARGECO INC
RM8,Customer Shorts Counterparty Concentration,n/a,2025-10-19,LARGECO INC
RM8,Customer Shorts Counterparty Concentration,n/a,2025-10-18,LARGECO INC
RM8,Customer Shorts Counterparty Concentration,n/a,2025-10-17,LARGECO INC
RM8,Customer Shorts Counterparty Concentration,n/a,2025-10-16,LARGECO INC
RM8,Customer Shorts Counterparty Concentration,n/a,2025-10-15,LARGECO INC
RM8,Customer Shorts Counterparty Concentration,n/a,2025-10-12,LARGECO INC
RM8,Customer Shorts Counterparty Concentration,n/a,2025-10-11,LARGECO INC
RM8,Customer Shorts Counterparty Concentration,n/a,2025-10-10,LARGECO INC
RM8,Customer Shorts Counterparty Concentration,n/a,2025-10-09,LARGECO INC
RM8,Customer Shorts Counterparty Concentration,n/a,2025-10-08,LARGECO INC
RM8,Customer Shorts Counterparty Concentration,n/a,2025-10-05,LARGECO INC
RM8,Customer Shorts Counterparty Concentration,n/a,2025-10-04,LARGECO INC
RM8,Customer Shorts Counterparty Concentration,n/a,2025-10-03,LARGECO INC
RM8,Customer Shorts Counterparty Concentration,n/a,2025-10-02,LARGECO INC
RM8,Customer Shorts Counterparty Concentration,n/a,2025-10-01,LARGECO INC
RM8,Customer Shorts Counterparty Concentration,n/a,2025-09-28,LARGECO INC
RM8,Customer Shorts Counterparty Concentration,n/a,2025-09-27,LARGECO INC
RM8,Customer Shorts Counterparty Concentration,n/a,2025-09-26,LARGECO INC
RM8,Customer Shorts Counterparty Concentration,n/a,2025-09-25,LARGECO INC
RM8,Customer Shorts Counterparty Concentration,n/a,2025-09-24,LARGECO INC
RM8,Customer Shorts Counterparty Concentration,n/a,2025-09-21,LARGECO INC
RM8,Customer Shorts Counterparty Concentration,n/a,2025-09-20,LARGECO INC
RM8,Customer Shorts Counterparty Concentration,n/a,2025-09-19,LARGECO INC
RM8,Customer Shorts Counterparty Concentration,n/a,2025-09-18,LARGECO INC
RM8,Customer Shorts Counterparty Concentration,n/a,2025-09-17,LARGECO INC
RM8,Customer Shorts Counterparty Concentration,n/a,2025-09-14,LARGECO INC
RM8,Customer Shorts Counterparty Concentration,n/a,2025-09-13,LARGECO INC
RM8,Customer Shorts Counterparty Concentration,n/a,2025-09-12,LARGECO INC
RM8,Customer Shorts Counterparty Concentration,n/a,2025-09-11,LARGECO INC
RM8,Customer Shorts Counterparty Concentration,n/a,2025-09-10,LARGECO INC
RM8,Customer Shorts Counterparty Concentration,n/a,2025-09-07,LARGECO INC
RM8,Customer Shorts Counterparty Concentration,n/a,2025-09-06,LARGECO INC
RM8,Customer Shorts Counterparty Concentration,n/a,2025-09-05,LARGECO INC
RM8,Customer Shorts Counterparty Concentration,n/a,2025-09-04,LARGECO INC
RM8,Customer Shorts Counterparty Concentration,n/a,2025-09-03,LARGECO INC
RM8,Customer Shorts Counterparty Concentration,n/a,2025-08-31,LARGECO INC
RM8,Customer Shorts Counterparty Concentration,n/a,2025-08-30,LARGECO INC
RM8,Customer Shorts Counterparty Concentration,n/a,2025-08-29,LARGECO INC
RM8,Customer Shorts Counterparty Concentration,n/a,2025-08-28,LARGECO INC
RM8,Customer Shorts Counterparty Concentration,n/a,2025-08-27,LARGECO INC
RM8,Customer Shorts Counterparty Concentration,n/a,2025-08-24,LARGECO INC
RM8,Customer Shorts Counterparty Concentration,n/a,2025-08-23,LARGECO INC
RM8,Customer Shorts Counterparty Concentration,n/a,2025-08-22,LARGECO INC
RM8,Customer Shorts Counterparty Concentration,n/a,2025-08-21,LARGECO INC
RM8,Customer Shorts Counterparty Concentration,n/a,2025-08-20,LARGECO INC
RM8,Customer Shorts Counterparty Concentration,n/a,2025-08-17,LARGECO INC
RM8,Customer Shorts Counterparty Concentration,n/a,2025-08-16,LARGECO INC
RM8,Customer Shorts Counterparty Concentration,n/a,2025-08-15,LARGECO INC
RM8,Customer Shorts Counterparty Concentration,n/a,2025-08-14,LARGECO INC
RM8,Customer Shorts Counterparty Concentration,n/a,2025-08-13,LARGECO INC
RM8,Customer Shorts Counterparty Concentration,n/a,2025-08-10,LARGECO INC
RM8,Customer Shorts Counterparty Concentration,n/a,2025-08-09,LARGECO INC
RM8,Customer Shorts Counterparty Concentration,n/a,2025-08-08,LARGECO INC
RM8,Customer Shorts Counterparty Concentration,n/a,2025-08-07,LARGECO INC
RM8,Customer Shorts Counterparty Concentration,n/a,2025-08-06,LARGECO INC
RM8,Customer Shorts Counterparty Concentration,n/a,2025-08-03,LARGECO INC
RM8,Customer Shorts Counterparty Concentration,n/a,2025-08-02,LARGECO INC
RM8,Customer Shorts Counterparty Concentration,n/a,2025-08-01,LARGECO INC
RM8,Customer Shorts Counterparty Concentration,n/a,2025-07-30,LARGECO INC
RM8,Customer Shorts Counterparty Concentration,n/a,2025-07-29,LARGECO INC
RM8,Customer Shorts Counterparty Concentration,n/a,2025-07-26,LARGECO INC
RM8,Customer Shorts Counterparty Concentration,n/a,2025-07-25,LARGECO INC
RM8,Customer Shorts Counterparty Concentration,n/a,2025-07-24,LARGECO INC
RM8,Customer Shorts Counterparty Concentration,n/a,2025-07-23,LARGECO INC
RM8,Customer Shorts Counterparty Concentration,n/a,2025-07-22,LARGECO INC
RM8,Customer Shorts Counterparty Concentration,n/a,2025-07-19,LARGECO INC
RM8,Customer Shorts Counterparty Concentration,n/a,2025-07-18,LARGECO INC
RM8,Customer Shorts Counterparty Concentration,n/a,2025-07-17,LARGECO INC
RM8,Customer Shorts Counterparty Concentration,n/a,2025-07-16,LARGECO INC
RM8,Customer Shorts Counterparty Concentration,n/a,2025-07-15,LARGECO INC
RM8,Customer Shorts Counterparty Concentration,n/a,2025-07-12,LARGECO INC
RM8,Customer Shorts Counterparty Concentration,n/a,2025-07-11,LARGECO INC
RM8,Customer Shorts Counterparty Concentration,n/a,2025-07-10,LARGECO INC
RM8,Customer Shorts Counterparty Concentration,n/a,2025-07-09,LARGECO INC
RM8,Customer Shorts Counterparty Concentration,n/a,2025-07-08,LARGECO INC
RM8,Customer Shorts Counterparty Concentration,n/a,2025-07-05,LARGECO INC
RM8,Customer Shorts Counterparty Concentration,n/a,2025-07-04,LARGECO INC
RM8,Customer Shorts Counterparty Concentration,n/a,2025-07-03,LARGECO INC
RM8,Customer Shorts Counterparty Concentration,n/a,2025-07-02,LARGECO INC
RM8,Customer Shorts Counterparty Concentration,n/a,2025-07-01,LARGECO INC
RM8,Customer Shorts Counterparty Concentration,n/a,2025-06-29,BKLYN BAKERY INC
RM8,Customer Shorts Counterparty Concentration,n/a,2025-06-28,BKLYN BAKERY INC
RM8,Customer Shorts Counterparty Concentration,n/a,2025-06-27,BKLYN BAKERY INC
RM8,Customer Shorts Counterparty Concentration,n/a,2025-06-26,BKLYN BAKERY INC
RM8,Customer Shorts Counterparty Concentration,n/a,2025-06-25,BKLYN BAKERY INC
RM8,Customer Shorts Counterparty Concentration,n/a,2025-06-22,BKLYN BAKERY INC
RM8,Customer Shorts Counterparty Concentration,n/a,2025-06-21,BKLYN BAKERY INC
RM8,Customer Shorts Counterparty Concentration,n/a,2025-06-20,BKLYN BAKERY INC
RM8,Customer Shorts Counterparty Concentration,n/a,2025-06-19,BKLYN BAKERY INC
RM8,Customer Shorts Counterparty Concentration,n/a,2025-06-18,BKLYN BAKERY INC
RM8,Customer Shorts Counterparty Concentration,n/a,2025-06-15,BKLYN BAKERY INC
RM8,Customer Shorts Counterparty Concentration,n/a,2025-06-14,BKLYN BAKERY INC
RM8,Customer Shorts Counterparty Concentration,n/a,2025-06-13,BKLYN BAKERY INC
RM8,Customer Shorts Counterparty Concentration,n/a,2025-06-12,BKLYN BAKERY INC
RM8,Customer Shorts Counterparty Concentration,n/a,2025-06-11,BKLYN BAKERY INC
RM8,Customer Shorts Counterparty Concentration,n/a,2025-06-08,BKLYN BAKERY INC
RM8,Customer Shorts Counterparty Concentration,n/a,2025-06-07,BKLYN BAKERY INC
RM8,Customer Shorts Counterparty Concentration,n/a,2025-06-06,BKLYN BAKERY INC
RM8,Customer Shorts Counterparty Concentration,n/a,2025-06-05,BKLYN BAKERY INC
RM8,Customer Shorts Counterparty Concentration,n/a,2025-06-04,BKLYN BAKERY INC
RM8,Customer Shorts Counterparty Concentration,n/a,2025-06-01,BKLYN BAKERY INC
RM8,Customer Shorts Counterparty Concentration,n/a,2025-05-31,BKLYN BAKERY INC
RM8,Customer Shorts Counterparty Concentration,n/a,2025-05-30,BKLYN BAKERY INC
RM8,Customer Shorts Counterparty Concentration,n/a,2025-05-29,BKLYN BAKERY INC
RM8,Customer Shorts Counterparty Concentration,n/a,2025-05-28,BKLYN BAKERY INC
RM8,Customer Shorts Counterparty Concentration,n/a,2025-05-25,BKLYN BAKERY INC
RM8,Customer Shorts Counterparty Concentration,n/a,2025-05-24,BKLYN BAKERY INC
RM8,Customer Shorts Counterparty Concentration,n/a,2025-05-23,BKLYN BAKERY INC
RM8,Customer Shorts Counterparty Concentration,n/a,2025-05-22,BKLYN BAKERY INC
RM8,Customer Shorts Counterparty Concentration,n/a,2025-05-21,BKLYN BAKERY INC
RM8,Customer Shorts Counterparty Concentration,n/a,2025-05-18,BKLYN BAKERY INC
RM8,Customer Shorts Counterparty Concentration,n/a,2025-05-17,BKLYN BAKERY INC
RM8,Customer Shorts Counterparty Concentration,n/a,2025-05-16,BKLYN BAKERY INC
RM8,Customer Shorts Counterparty Concentration,n/a,2025-05-15,BKLYN BAKERY INC
RM8,Customer Shorts Counterparty Concentration,n/a,2025-05-14,BKLYN BAKERY INC
RM8,Customer Shorts Counterparty Concentration,n/a,2025-05-11,BKLYN BAKERY INC
RM8,Customer Shorts Counterparty Concentration,n/a,2025-05-10,BKLYN BAKERY INC
RM8,Customer Shorts Counterparty Concentration,n/a,2025-05-09,BKLYN BAKERY INC
RM8,Customer Shorts Counterparty Concentration,n/a,2025-05-08,BKLYN BAKERY INC
RM8,Customer Shorts Counterparty Concentration,n/a,2025-05-07,BKLYN BAKERY INC
RM8,Customer Shorts Counterparty Concentration,n/a,2025-05-04,BKLYN BAKERY INC
RM8,Customer Shorts Counterparty Concentration,n/a,2025-05-03,BKLYN BAKERY INC
RM8,Customer Shorts Counterparty Concentration,n/a,2025-05-02,BKLYN BAKERY INC
RM8,Customer Shorts Counterparty Concentration,n/a,2025-05-01,BKLYN BAKERY INC
RM2,FX Maturity Mismatch,$B,2025-10-31,-0.31555203256487724
RM2,FX Maturity Mismatch,$B,2025-10-30,4.1311
RM2,FX Maturity Mismatch,$B,2025-10-29,2.3292882264139005
RM2,FX Maturity Mismatch,$B,2025-10-26,-8.372489423388366
RM2,FX Maturity Mismatch,$B,2025-10-25,4.1311
RM2,FX Maturity Mismatch,$B,2025-10-24,-6.388124275904975
RM2,FX Maturity Mismatch,$B,2025-10-23,-2.615441560316086
RM2,FX Maturity Mismatch,$B,2025-10-22,-3.39736081694448
RM2,FX Maturity Mismatch,$B,2025-10-19,1.0005788491778342
RM2,FX Maturity Mismatch,$B,2025-10-18,-0.42384379542746625
RM2,FX Maturity Mismatch,$B,2025-10-17,5.010466845779349
RM2,FX Maturity Mismatch,$B,2025-10-16,-0.6164473592042923
RM2,FX Maturity Mismatch,$B,2025-10-15,-4.441808007981249
RM2,FX Maturity Mismatch,$B,2025-10-12,0.04936848372179032
RM2,FX Maturity Mismatch,$B,2025-10-11,0.39199774314637104
RM2,FX Maturity Mismatch,$B,2025-10-10,-1.364561584327992
RM2,FX Maturity Mismatch,$B,2025-10-09,0.6805233993069474
RM2,FX Maturity Mismatch,$B,2025-10-08,2.9735508386130887
RM2,FX Maturity Mismatch,$B,2025-10-05,-3.993892626831001
RM2,FX Maturity Mismatch,$B,2025-10-04,2.4151227632233208
RM2,FX Maturity Mismatch,$B,2025-10-03,-1.6566284691022806
RM2,FX Maturity Mismatch,$B,2025-10-02,-5.3819705766087695
RM2,FX Maturity Mismatch,$B,2025-10-01,5.0495813079947665
RM2,FX Maturity Mismatch,$B,2025-09-28,-2.3703440469503403
RM2,FX Maturity Mismatch,$B,2025-09-27,-0.20237738637924194
RM2,FX Maturity Mismatch,$B,2025-09-26,-0.2784849752664566
RM2,FX Maturity Mismatch,$B,2025-09-25,1.9406099120616913
RM2,FX Maturity Mismatch,$B,2025-09-24,0.208992569732666
RM2,FX Maturity Mismatch,$B,2025-09-21,0
RM2,FX Maturity Mismatch,$B,2025-09-20,-0.9937136163234711
RM2,FX Maturity Mismatch,$B,2025-09-19,-0.5368757240772247
RM2,FX Maturity Mismatch,$B,2025-09-18,4.673868900990486
RM2,FX Maturity Mismatch,$B,2025-09-17,-1.7640868193626402
RM2,FX Maturity Mismatch,$B,2025-09-14,-3.2490524582147597
RM2,FX Maturity Mismatch,$B,2025-09-13,-0.4439483204364777
RM2,FX Maturity Mismatch,$B,2025-09-12,3.0249322761535646
RM2,FX Maturity Mismatch,$B,2025-09-11,0.8526154731750488
RM2,FX Maturity Mismatch,$B,2025-09-10,0
RM2,FX Maturity Mismatch,$B,2025-09-07,-1.1370719811439514
RM2,FX Maturity Mismatch,$B,2025-09-06,-0.8629185173034668
RM2,FX Maturity Mismatch,$B,2025-09-05,-2.281724374294281
RM2,FX Maturity Mismatch,$B,2025-09-04,4.1311
RM2,FX Maturity Mismatch,$B,2025-09-03,2.765211820983887
RM2,FX Maturity Mismatch,$B,2025-08-31,4.995728630280495
RM2,FX Maturity Mismatch,$B,2025-08-30,0
RM2,FX Maturity Mismatch,$B,2025-08-29,-6.063845325970649
RM2,FX Maturity Mismatch,$B,2025-08-28,-0.17427719168663025
RM2,FX Maturity Mismatch,$B,2025-08-27,-0.942533639383316
RM2,FX Maturity Mismatch,$B,2025-08-24,1.8314725474357607
RM2,FX Maturity Mismatch,$B,2025-08-23,4.1311
RM2,FX Maturity Mismatch,$B,2025-08-22,-0.09511275696754455
RM2,FX Maturity Mismatch,$B,2025-08-21,-5.910768262648582
RM2,FX Maturity Mismatch,$B,2025-08-20,-0.10726455879211426
RM2,FX Maturity Mismatch,$B,2025-08-17,-2.873267736363411
RM2,FX Maturity Mismatch,$B,2025-08-16,0.7815777108669281
RM2,FX Maturity Mismatch,$B,2025-08-15,-2.1994461854696272
RM2,FX Maturity Mismatch,$B,2025-08-14,-0.3025734274864197
RM2,FX Maturity Mismatch,$B,2025-08-13,-3.226737670350075
RM2,FX Maturity Mismatch,$B,2025-08-10,-1.7537951297283172
RM2,FX Maturity Mismatch,$B,2025-08-09,4.1311
RM2,FX Maturity Mismatch,$B,2025-08-08,0.965160012626648
RM2,FX Maturity Mismatch,$B,2025-08-07,4.10818564376831
RM2,FX Maturity Mismatch,$B,2025-08-06,0.9140648638248444
RM2,FX Maturity Mismatch,$B,2025-08-03,3.978926343536377
RM2,FX Maturity Mismatch,$B,2025-08-02,-10.249970278644561
RM2,FX Maturity Mismatch,$B,2025-08-01,-7.059345935845375
RM2,FX Maturity Mismatch,$B,2025-07-30,0.8052520171642303
RM2,FX Maturity Mismatch,$B,2025-07-29,3.589574308013916
RM2,FX Maturity Mismatch,$B,2025-07-26,1.8881573471069337
RM2,FX Maturity Mismatch,$B,2025-07-25,0.8428710253477096
RM2,FX Maturity Mismatch,$B,2025-07-24,-8.15969002070427
RM2,FX Maturity Mismatch,$B,2025-07-23,-0.20589859549999237
RM2,FX Maturity Mismatch,$B,2025-07-22,-0.7253240692138672
RM2,FX Maturity Mismatch,$B,2025-07-19,-1.1797842559337617
RM2,FX Maturity Mismatch,$B,2025-07-18,4.1311
RM2,FX Maturity Mismatch,$B,2025-07-17,-3.3601888095617296
RM2,FX Maturity Mismatch,$B,2025-07-16,0.7788784818649291
RM2,FX Maturity Mismatch,$B,2025-07-15,0.8383551838636398
RM2,FX Maturity Mismatch,$B,2025-07-12,5.0695364569187165
RM2,FX Maturity Mismatch,$B,2025-07-11,0
RM2,FX Maturity Mismatch,$B,2025-07-10,0.7807841763496398
RM2,FX Maturity Mismatch,$B,2025-07-09,3.2400466819763185
RM2,FX Maturity Mismatch,$B,2025-07-08,0.625550358581543
RM2,FX Maturity Mismatch,$B,2025-07-05,-2.398541160464287
RM2,FX Maturity Mismatch,$B,2025-07-04,0.8015108798980712
RM2,FX Maturity Mismatch,$B,2025-07-03,-0.9612054891109467
RM2,FX Maturity Mismatch,$B,2025-07-02,0.7779304444789886
RM2,FX Maturity Mismatch,$B,2025-07-01,4.518709403729439
RM2,FX Maturity Mismatch,$B,2025-06-29,-1.2213970415115356
RM2,FX Maturity Mismatch,$B,2025-06-28,4.1311
RM2,FX Maturity Mismatch,$B,2025-06-27,-7.156804039621353
RM2,FX Maturity Mismatch,$B,2025-06-26,0
RM2,FX Maturity Mismatch,$B,2025-06-25,4.1311
RM2,FX Maturity Mismatch,$B,2025-06-22,0.005383293914794921
RM2,FX Maturity Mismatch,$B,2025-06-21,-2.6001985459804535
RM2,FX Maturity Mismatch,$B,2025-06-20,-1.8732631576776504
RM2,FX Maturity Mismatch,$B,2025-06-19,1.0045703848838807
RM2,FX Maturity Mismatch,$B,2025-06-18,-4.437439589214325
RM2,FX Maturity Mismatch,$B,2025-06-15,-4.63006645412445
RM2,FX Maturity Mismatch,$B,2025-06-14,4.7827669327020645
RM2,FX Maturity Mismatch,$B,2025-06-13,0
RM2,FX Maturity Mismatch,$B,2025-06-12,-4.0521033331871035
RM2,FX Maturity Mismatch,$B,2025-06-11,-2.5367372947216036
RM2,FX Maturity Mismatch,$B,2025-06-08,3.7519721504211425
RM2,FX Maturity Mismatch,$B,2025-06-07,2.7259411529541016
RM2,FX Maturity Mismatch,$B,2025-06-06,3.9836439414978027
RM2,FX Maturity Mismatch,$B,2025-06-05,5.217096278524399
RM2,FX Maturity Mismatch,$B,2025-06-04,-0.8396114952087402
RM2,FX Maturity Mismatch,$B,2025-06-01,0
RM2,FX Maturity Mismatch,$B,2025-05-31,4.1311
RM2,FX Maturity Mismatch,$B,2025-05-30,-0.3037378163814545
RM2,FX Maturity Mismatch,$B,2025-05-29,-1.9491331089258193
RM2,FX Maturity Mismatch,$B,2025-05-28,0
RM2,FX Maturity Mismatch,$B,2025-05-25,0
RM2,FX Maturity Mismatch,$B,2025-05-24,4.605430767393113
RM2,FX Maturity Mismatch,$B,2025-05-23,0.6330041358947753
RM2,FX Maturity Mismatch,$B,2025-05-22,4.1311
RM2,FX Maturity Mismatch,$B,2025-05-21,0
RM2,FX Maturity Mismatch,$B,2025-05-18,-0.6521994430541992
RM2,FX Maturity Mismatch,$B,2025-05-17,0
RM2,FX Maturity Mismatch,$B,2025-05-16,3.559438638305664
RM2,FX Maturity Mismatch,$B,2025-05-15,-1.8401181460142135
RM2,FX Maturity Mismatch,$B,2025-05-14,-0.2898003073215485
RM2,FX Maturity Mismatch,$B,2025-05-11,4.937059396958351
RM2,FX Maturity Mismatch,$B,2025-05-10,0
RM2,FX Maturity Mismatch,$B,2025-05-09,-1.5177136016607284
RM2,FX Maturity Mismatch,$B,2025-05-08,-0.8136223861694336
RM2,FX Maturity Mismatch,$B,2025-05-07,-7.82713657977581
RM2,FX Maturity Mismatch,$B,2025-05-04,-0.4392430508613587
RM2,FX Maturity Mismatch,$B,2025-05-03,0
RM2,FX Maturity Mismatch,$B,2025-05-02,0.7799265348911285
RM2,FX Maturity Mismatch,$B,2025-05-01,0.8925352974176407
RM1,GC Rate,bps,2025-10-31,3.64
RM1,GC Rate,bps,2025-10-30,3.5541335821007825
RM1,GC Rate,bps,2025-10-29,3.931134714498179
RM1,GC Rate,bps,2025-10-26,3.599315296746548
RM1,GC Rate,bps,2025-10-25,3.9
RM1,GC Rate,bps,2025-10-24,3.781114198053554
RM1,GC Rate,bps,2025-10-23,3.63740340165178
RM1,GC Rate,bps,2025-10-22,3.6401726243565764
RM1,GC Rate,bps,2025-10-19,3.660168617394721
RM1,GC Rate,bps,2025-10-18,3.9168273606793695
RM1,GC Rate,bps,2025-10-17,4.147791255701914
RM1,GC Rate,bps,2025-10-16,4.0775119005821745
RM1,GC Rate,bps,2025-10-15,3.574255505886875
RM1,GC Rate,bps,2025-10-12,3.490500589060403
RM1,GC Rate,bps,2025-10-11,3.8634672679648268
RM1,GC Rate,bps,2025-10-10,4.039321694841947
RM1,GC Rate,bps,2025-10-09,3.6420865562125004
RM1,GC Rate,bps,2025-10-08,3.793451178648222
RM1,GC Rate,bps,2025-10-05,3.7761865582953207
RM1,GC Rate,bps,2025-10-04,3.6134297831171205
RM1,GC Rate,bps,2025-10-03,3.7425754312222064
RM1,GC Rate,bps,2025-10-02,3.894674043533611
RM1,GC Rate,bps,2025-10-01,3.7186481329887657
RM1,GC Rate,bps,2025-09-28,3.8964668422937394
RM1,GC Rate,bps,2025-09-27,3.9553998255729677
RM1,GC Rate,bps,2025-09-26,3.742658448815346
RM1,GC Rate,bps,2025-09-25,3.6294172966480254
RM1,GC Rate,bps,2025-09-24,3.66
RM1,GC Rate,bps,2025-09-21,3.652564649581909
RM1,GC Rate,bps,2025-09-20,3.8993631452322006
RM1,GC Rate,bps,2025-09-19,3.800852690935135
RM1,GC Rate,bps,2025-09-18,3.8738074117898944
RM1,GC Rate,bps,2025-09-17,3.65450483083725
RM1,GC Rate,bps,2025-09-14,3.9
RM1,GC Rate,bps,2025-09-13,3.6592038786411285
RM1,GC Rate,bps,2025-09-12,3.7432521289587024
RM1,GC Rate,bps,2025-09-11,3.64
RM1,GC Rate,bps,2025-09-10,3.6533324033021928
RM1,GC Rate,bps,2025-09-07,3.6553197610378265
RM1,GC Rate,bps,2025-09-06,3.87
RM1,GC Rate,bps,2025-09-05,3.9018017363548276
RM1,GC Rate,bps,2025-09-04,3.6294438701868055
RM1,GC Rate,bps,2025-09-03,3.7981515777111055
RM1,GC Rate,bps,2025-08-31,3.8721937733888625
RM1,GC Rate,bps,2025-08-30,3.64
RM1,GC Rate,bps,2025-08-29,3.6317643290758133
RM1,GC Rate,bps,2025-08-28,3.9
RM1,GC Rate,bps,2025-08-27,3.8462480586767196
RM1,GC Rate,bps,2025-08-24,3.633291938304901
RM1,GC Rate,bps,2025-08-23,3.647060747742653
RM1,GC Rate,bps,2025-08-22,3.627612949609756
RM1,GC Rate,bps,2025-08-21,3.623284391760826
RM1,GC Rate,bps,2025-08-20,3.64
RM1,GC Rate,bps,2025-08-17,3.883009266257286
RM1,GC Rate,bps,2025-08-16,3.9
RM1,GC Rate,bps,2025-08-15,3.64
RM1,GC Rate,bps,2025-08-14,3.624273245334625
RM1,GC Rate,bps,2025-08-13,4.05267198741436
RM1,GC Rate,bps,2025-08-10,3.822417427301407
RM1,GC Rate,bps,2025-08-09,3.9486574441194535
RM1,GC Rate,bps,2025-08-08,3.996818952560425
RM1,GC Rate,bps,2025-08-07,3.6260828620195387
RM1,GC Rate,bps,2025-08-06,3.719701609611511
RM1,GC Rate,bps,2025-08-03,3.6349069660902025
RM1,GC Rate,bps,2025-08-02,3.735395085811615
RM1,GC Rate,bps,2025-08-01,3.8837568300962446
RM1,GC Rate,bps,2025-07-30,3.87
RM1,GC Rate,bps,2025-07-29,3.9056231814622877
RM1,GC Rate,bps,2025-07-26,3.6694009351730346
RM1,GC Rate,bps,2025-07-25,3.769733549952507
RM1,GC Rate,bps,2025-07-24,3.631291650533676
RM1,GC Rate,bps,2025-07-23,3.9
RM1,GC Rate,bps,2025-07-22,3.940992887020111
RM1,GC Rate,bps,2025-07-19,3.744874454140663
RM1,GC Rate,bps,2025-07-18,3.66
RM1,GC Rate,bps,2025-07-17,3.782341724038124
RM1,GC Rate,bps,2025-07-16,3.66
RM1,GC Rate,bps,2025-07-15,3.6461417514085768
RM1,GC Rate,bps,2025-07-12,3.7886014759540556
RM1,GC Rate,bps,2025-07-11,3.9
RM1,GC Rate,bps,2025-07-10,3.7937077260017396
RM1,GC Rate,bps,2025-07-09,3.731903563141823
RM1,GC Rate,bps,2025-07-08,3.64
RM1,GC Rate,bps,2025-07-05,3.9
RM1,GC Rate,bps,2025-07-04,3.6671653032302856
RM1,GC Rate,bps,2025-07-03,3.87
RM1,GC Rate,bps,2025-07-02,3.932903891801834
RM1,GC Rate,bps,2025-07-01,3.6417290419340134
RM1,GC Rate,bps,2025-06-29,3.655453417301178
RM1,GC Rate,bps,2025-06-28,3.6365664917230607
RM1,GC Rate,bps,2025-06-27,3.6647735345363617
RM1,GC Rate,bps,2025-06-26,3.739020490050316
RM1,GC Rate,bps,2025-06-25,3.6607362842559814
RM1,GC Rate,bps,2025-06-22,3.9
RM1,GC Rate,bps,2025-06-21,3.7499323260784148
RM1,GC Rate,bps,2025-06-20,3.7385960644483567
RM1,GC Rate,bps,2025-06-19,3.9
RM1,GC Rate,bps,2025-06-18,3.63
RM1,GC Rate,bps,2025-06-15,3.8600980293750764
RM1,GC Rate,bps,2025-06-14,3.8837140971422195
RM1,GC Rate,bps,2025-06-13,3.9
RM1,GC Rate,bps,2025-06-12,3.64
RM1,GC Rate,bps,2025-06-11,3.64
RM1,GC Rate,bps,2025-06-08,3.746657697558403
RM1,GC Rate,bps,2025-06-07,3.64
RM1,GC Rate,bps,2025-06-06,3.6713228291273117
RM1,GC Rate,bps,2025-06-05,3.7023142290115354
RM1,GC Rate,bps,2025-06-04,3.9
RM1,GC Rate,bps,2025-06-01,3.6849365043640137
RM1,GC Rate,bps,2025-05-31,3.9
RM1,GC Rate,bps,2025-05-30,4.010006862878799
RM1,GC Rate,bps,2025-05-29,3.72019873380661
RM1,GC Rate,bps,2025-05-28,3.861988217830658
RM1,GC Rate,bps,2025-05-25,3.6445124918222427
RM1,GC Rate,bps,2025-05-24,3.743188930749893
RM1,GC Rate,bps,2025-05-23,3.929550631642342
RM1,GC Rate,bps,2025-05-22,3.804936604499817
RM1,GC Rate,bps,2025-05-21,3.6984929966926576
RM1,GC Rate,bps,2025-05-18,3.64
RM1,GC Rate,bps,2025-05-17,4.041829157471657
RM1,GC Rate,bps,2025-05-16,3.9
RM1,GC Rate,bps,2025-05-15,3.649271245598793
RM1,GC Rate,bps,2025-05-14,3.748677874803543
RM1,GC Rate,bps,2025-05-11,3.871986492276192
RM1,GC Rate,bps,2025-05-10,3.6216969013214113
RM1,GC Rate,bps,2025-05-09,3.9367347997426987
RM1,GC Rate,bps,2025-05-08,3.84861470580101
RM1,GC Rate,bps,2025-05-07,3.622023932337761
RM1,GC Rate,bps,2025-05-04,3.6330618262290955
RM1,GC Rate,bps,2025-05-03,3.6353503423929214
RM1,GC Rate,bps,2025-05-02,3.7251151514053347
RM1,GC Rate,bps,2025-05-01,3.8880916339159013
RM3,Sub 30 day Secured Funding,days,2025-10-31,0
RM3,Sub 30 day Secured Funding,days,2025-10-30,0
RM3,Sub 30 day Secured Funding,days,2025-10-29,0
RM3,Sub 30 day Secured Funding,days,2025-10-26,0
RM3,Sub 30 day Secured Funding,days,2025-10-24,0
RM3,Sub 30 day Secured Funding,days,2025-10-23,1
RM3,Sub 30 day Secured Funding,days,2025-10-22,1
RM3,Sub 30 day Secured Funding,days,2025-10-19,1
RM3,Sub 30 day Secured Funding,days,2025-10-18,0
RM3,Sub 30 day Secured Funding,days,2025-10-17,0
RM3,Sub 30 day Secured Funding,days,2025-10-16,0
RM3,Sub 30 day Secured Funding,days,2025-10-15,0
RM3,Sub 30 day Secured Funding,days,2025-10-12,0
RM3,Sub 30 day Secured Funding,days,2025-10-11,0
RM3,Sub 30 day Secured Funding,days,2025-10-10,0
RM3,Sub 30 day Secured Funding,days,2025-10-09,0
RM3,Sub 30 day Secured Funding,days,2025-10-08,0
RM3,Sub 30 day Secured Funding,days,2025-10-05,0
RM3,Sub 30 day Secured Funding,days,2025-10-04,0
RM3,Sub 30 day Secured Funding,days,2025-10-03,0
RM3,Sub 30 day Secured Funding,days,2025-10-02,0
RM3,Sub 30 day Secured Funding,days,2025-10-01,0
RM3,Sub 30 day Secured Funding,days,2025-09-28,0
RM3,Sub 30 day Secured Funding,days,2025-09-27,0
RM3,Sub 30 day Secured Funding,days,2025-09-26,0
RM3,Sub 30 day Secured Funding,days,2025-09-25,0
RM3,Sub 30 day Secured Funding,days,2025-09-24,0
RM3,Sub 30 day Secured Funding,days,2025-09-21,0
RM3,Sub 30 day Secured Funding,days,2025-09-20,0
RM3,Sub 30 day Secured Funding,days,2025-09-19,0
RM3,Sub 30 day Secured Funding,days,2025-09-18,0
RM3,Sub 30 day Secured Funding,days,2025-09-17,1
RM3,Sub 30 day Secured Funding,days,2025-09-14,0
RM3,Sub 30 day Secured Funding,days,2025-09-13,0
RM3,Sub 30 day Secured Funding,days,2025-09-12,0
RM3,Sub 30 day Secured Funding,days,2025-09-11,0
RM3,Sub 30 day Secured Funding,days,2025-09-10,0
RM3,Sub 30 day Secured Funding,days,2025-09-07,0
RM3,Sub 30 day Secured Funding,days,2025-09-06,0
RM3,Sub 30 day Secured Funding,days,2025-09-05,0
RM3,Sub 30 day Secured Funding,days,2025-09-04,0
RM3,Sub 30 day Secured Funding,days,2025-09-03,0
RM3,Sub 30 day Secured Funding,days,2025-08-31,1
RM3,Sub 30 day Secured Funding,days,2025-08-30,2
RM3,Sub 30 day Secured Funding,days,2025-08-29,2
RM3,Sub 30 day Secured Funding,days,2025-08-28,0
RM3,Sub 30 day Secured Funding,days,2025-08-27,0
RM3,Sub 30 day Secured Funding,days,2025-08-24,0
RM3,Sub 30 day Secured Funding,days,2025-08-23,0
RM3,Sub 30 day Secured Funding,days,2025-08-22,0
RM3,Sub 30 day Secured Funding,days,2025-08-21,0
RM3,Sub 30 day Secured Funding,days,2025-08-20,0
RM3,Sub 30 day Secured Funding,days,2025-08-17,0
RM3,Sub 30 day Secured Funding,days,2025-08-16,0
RM3,Sub 30 day Secured Funding,days,2025-08-15,0
RM3,Sub 30 day Secured Funding,days,2025-08-14,0
RM3,Sub 30 day Secured Funding,days,2025-08-13,0
RM3,Sub 30 day Secured Funding,days,2025-08-10,0
RM3,Sub 30 day Secured Funding,days,2025-08-09,0
RM3,Sub 30 day Secured Funding,days,2025-08-08,0
RM3,Sub 30 day Secured Funding,days,2025-08-07,0
RM3,Sub 30 day Secured Funding,days,2025-08-06,0
RM3,Sub 30 day Secured Funding,days,2025-08-03,0
RM3,Sub 30 day Secured Funding,days,2025-08-02,0
RM3,Sub 30 day Secured Funding,days,2025-08-01,0
RM3,Sub 30 day Secured Funding,days,2025-07-30,0
RM3,Sub 30 day Secured Funding,days,2025-07-29,0
RM3,Sub 30 day Secured Funding,days,2025-07-26,0
RM3,Sub 30 day Secured Funding,days,2025-07-25,0
RM3,Sub 30 day Secured Funding,days,2025-07-24,1
RM3,Sub 30 day Secured Funding,days,2025-07-23,1
RM3,Sub 30 day Secured Funding,days,2025-07-22,1
RM3,Sub 30 day Secured Funding,days,2025-07-19,0
RM3,Sub 30 day Secured Funding,days,2025-07-18,0
RM3,Sub 30 day Secured Funding,days,2025-07-17,0
RM3,Sub 30 day Secured Funding,days,2025-07-16,0
RM3,Sub 30 day Secured Funding,days,2025-07-15,0
RM3,Sub 30 day Secured Funding,days,2025-07-12,0
RM3,Sub 30 day Secured Funding,days,2025-07-11,0
RM3,Sub 30 day Secured Funding,days,2025-07-10,0
RM3,Sub 30 day Secured Funding,days,2025-07-09,0
RM3,Sub 30 day Secured Funding,days,2025-07-08,0
RM3,Sub 30 day Secured Funding,days,2025-07-05,0
RM3,Sub 30 day Secured Funding,days,2025-07-04,0
RM3,Sub 30 day Secured Funding,days,2025-07-03,0
RM3,Sub 30 day Secured Funding,days,2025-07-02,0
RM3,Sub 30 day Secured Funding,days,2025-07-01,0
RM3,Sub 30 day Secured Funding,days,2025-06-29,0
RM3,Sub 30 day Secured Funding,days,2025-06-28,0
RM3,Sub 30 day Secured Funding,days,2025-06-27,0
RM3,Sub 30 day Secured Funding,days,2025-06-26,1
RM3,Sub 30 day Secured Funding,days,2025-06-25,0
RM3,Sub 30 day Secured Funding,days,2025-06-22,0
RM3,Sub 30 day Secured Funding,days,2025-06-21,0
RM3,Sub 30 day Secured Funding,days,2025-06-20,0
RM3,Sub 30 day Secured Funding,days,2025-06-19,0
RM3,Sub 30 day Secured Funding,days,2025-06-18,0
RM3,Sub 30 day Secured Funding,days,2025-06-15,0
RM3,Sub 30 day Secured Funding,days,2025-06-14,0
RM3,Sub 30 day Secured Funding,days,2025-06-13,0
RM3,Sub 30 day Secured Funding,days,2025-06-12,0
RM3,Sub 30 day Secured Funding,days,2025-06-11,0
RM3,Sub 30 day Secured Funding,days,2025-06-08,0
RM3,Sub 30 day Secured Funding,days,2025-06-07,2
RM3,Sub 30 day Secured Funding,days,2025-06-06,0
RM3,Sub 30 day Secured Funding,days,2025-06-05,0
RM3,Sub 30 day Secured Funding,days,2025-06-04,0
RM3,Sub 30 day Secured Funding,days,2025-06-01,0
RM3,Sub 30 day Secured Funding,days,2025-05-31,0
RM3,Sub 30 day Secured Funding,days,2025-05-30,0
RM3,Sub 30 day Secured Funding,days,2025-05-29,0
RM3,Sub 30 day Secured Funding,days,2025-05-28,0
RM3,Sub 30 day Secured Funding,days,2025-05-25,0
RM3,Sub 30 day Secured Funding,days,2025-05-24,0
RM3,Sub 30 day Secured Funding,days,2025-05-23,0
RM3,Sub 30 day Secured Funding,days,2025-05-22,0
RM3,Sub 30 day Secured Funding,days,2025-05-21,0
RM3,Sub 30 day Secured Funding,days,2025-05-18,0
RM3,Sub 30 day Secured Funding,days,2025-05-17,0
RM3,Sub 30 day Secured Funding,days,2025-05-16,0
RM3,Sub 30 day Secured Funding,days,2025-05-15,0
RM3,Sub 30 day Secured Funding,days,2025-05-14,0
RM3,Sub 30 day Secured Funding,days,2025-05-11,0
RM3,Sub 30 day Secured Funding,days,2025-05-10,0
RM3,Sub 30 day Secured Funding,days,2025-05-09,0
RM3,Sub 30 day Secured Funding,days,2025-05-08,0
RM3,Sub 30 day Secured Funding,days,2025-05-07,0
RM3,Sub 30 day Secured Funding,days,2025-05-04,0
RM3,Sub 30 day Secured Funding,days,2025-05-03,0
RM3,Sub 30 day Secured Funding,days,2025-05-02,0
RM3,Sub 30 day Secured Funding,days,2025-05-01,0
RM6,Total GBP Reverse Repo ,£B,2025-10-31,2.74196065352392
RM6,Total GBP Reverse Repo ,£B,2025-10-30,2.732898104865124
RM6,Total GBP Reverse Repo ,£B,2025-10-29,2.7315369898734163
RM6,Total GBP Reverse Repo ,£B,2025-10-26,2.749230914586099
RM6,Total GBP Reverse Repo ,£B,2025-10-25,2.7726
RM6,Total GBP Reverse Repo ,£B,2025-10-24,2.747911637578323
RM6,Total GBP Reverse Repo ,£B,2025-10-23,2.75721938250611
RM6,Total GBP Reverse Repo ,£B,2025-10-22,2.746143610000882
RM6,Total GBP Reverse Repo ,£B,2025-10-19,2.756421428420358
RM6,Total GBP Reverse Repo ,£B,2025-10-18,2.7857808640846415
RM6,Total GBP Reverse Repo ,£B,2025-10-17,2.7510926280724703
RM6,Total GBP Reverse Repo ,£B,2025-10-16,2.797717598645539
RM6,Total GBP Reverse Repo ,£B,2025-10-15,2.732669655168481
RM6,Total GBP Reverse Repo ,£B,2025-10-12,2.7646458496873274
RM6,Total GBP Reverse Repo ,£B,2025-10-11,2.7847177104150145
RM6,Total GBP Reverse Repo ,£B,2025-10-10,2.7685315540158433
RM6,Total GBP Reverse Repo ,£B,2025-10-09,2.752955414798354
RM6,Total GBP Reverse Repo ,£B,2025-10-08,2.7661720216704664
RM6,Total GBP Reverse Repo ,£B,2025-10-05,2.734596806345411
RM6,Total GBP Reverse Repo ,£B,2025-10-04,2.7486794638531507
RM6,Total GBP Reverse Repo ,£B,2025-10-03,2.7656570239513
RM6,Total GBP Reverse Repo ,£B,2025-10-02,2.770419063574291
RM6,Total GBP Reverse Repo ,£B,2025-10-01,2.740318624625736
RM6,Total GBP Reverse Repo ,£B,2025-09-28,2.7524
RM6,Total GBP Reverse Repo ,£B,2025-09-27,2.7216
RM6,Total GBP Reverse Repo ,£B,2025-09-26,2.7726
RM6,Total GBP Reverse Repo ,£B,2025-09-25,2.7726
RM6,Total GBP Reverse Repo ,£B,2025-09-24,2.7240989419043067
RM6,Total GBP Reverse Repo ,£B,2025-09-21,2.7524
RM6,Total GBP Reverse Repo ,£B,2025-09-20,2.7726
RM6,Total GBP Reverse Repo ,£B,2025-09-19,2.7524
RM6,Total GBP Reverse Repo ,£B,2025-09-18,2.7524
RM6,Total GBP Reverse Repo ,£B,2025-09-17,2.7726
RM6,Total GBP Reverse Repo ,£B,2025-09-14,2.7737
RM6,Total GBP Reverse Repo ,£B,2025-09-13,2.7524
RM6,Total GBP Reverse Repo ,£B,2025-09-12,2.7524
RM6,Total GBP Reverse Repo ,£B,2025-09-11,2.778
RM6,Total GBP Reverse Repo ,£B,2025-09-10,2.7216
RM6,Total GBP Reverse Repo ,£B,2025-09-07,2.7726
RM6,Total GBP Reverse Repo ,£B,2025-09-06,2.7732336153805255
RM6,Total GBP Reverse Repo ,£B,2025-09-05,2.7524
RM6,Total GBP Reverse Repo ,£B,2025-09-04,2.7726
RM6,Total GBP Reverse Repo ,£B,2025-09-03,2.7737
RM6,Total GBP Reverse Repo ,£B,2025-08-31,2.7747583761274814
RM6,Total GBP Reverse Repo ,£B,2025-08-30,2.7524
RM6,Total GBP Reverse Repo ,£B,2025-08-29,2.7726
RM6,Total GBP Reverse Repo ,£B,2025-08-28,2.7308086554646493
RM6,Total GBP Reverse Repo ,£B,2025-08-27,2.7524
RM6,Total GBP Reverse Repo ,£B,2025-08-24,2.7524
RM6,Total GBP Reverse Repo ,£B,2025-08-23,2.7737
RM6,Total GBP Reverse Repo ,£B,2025-08-22,2.7524
RM6,Total GBP Reverse Repo ,£B,2025-08-21,2.7726
RM6,Total GBP Reverse Repo ,£B,2025-08-20,2.7524
RM6,Total GBP Reverse Repo ,£B,2025-08-17,2.730141640239954
RM6,Total GBP Reverse Repo ,£B,2025-08-16,2.7524
RM6,Total GBP Reverse Repo ,£B,2025-08-15,2.7524
RM6,Total GBP Reverse Repo ,£B,2025-08-14,2.7524
RM6,Total GBP Reverse Repo ,£B,2025-08-13,2.7726
RM6,Total GBP Reverse Repo ,£B,2025-08-10,2.7726
RM6,Total GBP Reverse Repo ,£B,2025-08-09,2.721786017137766
RM6,Total GBP Reverse Repo ,£B,2025-08-08,2.7524
RM6,Total GBP Reverse Repo ,£B,2025-08-07,2.773451130121946
RM6,Total GBP Reverse Repo ,£B,2025-08-06,2.7524
RM6,Total GBP Reverse Repo ,£B,2025-08-03,2.7737
RM6,Total GBP Reverse Repo ,£B,2025-08-02,2.7216
RM6,Total GBP Reverse Repo ,£B,2025-08-01,2.756027574455738
RM6,Total GBP Reverse Repo ,£B,2025-07-30,2.7524
RM6,Total GBP Reverse Repo ,£B,2025-07-29,2.7726
RM6,Total GBP Reverse Repo ,£B,2025-07-26,2.7571601842403415
RM6,Total GBP Reverse Repo ,£B,2025-07-25,2.7761185370147228
RM6,Total GBP Reverse Repo ,£B,2025-07-24,2.773554181754589
RM6,Total GBP Reverse Repo ,£B,2025-07-23,2.7758321879208085
RM6,Total GBP Reverse Repo ,£B,2025-07-22,2.7524
RM6,Total GBP Reverse Repo ,£B,2025-07-19,2.7216
RM6,Total GBP Reverse Repo ,£B,2025-07-18,2.7726
RM6,Total GBP Reverse Repo ,£B,2025-07-17,2.7524
RM6,Total GBP Reverse Repo ,£B,2025-07-16,2.751308568501473
RM6,Total GBP Reverse Repo ,£B,2025-07-15,2.7524
RM6,Total GBP Reverse Repo ,£B,2025-07-12,2.778
RM6,Total GBP Reverse Repo ,£B,2025-07-11,2.7216
RM6,Total GBP Reverse Repo ,£B,2025-07-10,2.7216
RM6,Total GBP Reverse Repo ,£B,2025-07-09,2.7726
RM6,Total GBP Reverse Repo ,£B,2025-07-08,2.778
RM6,Total GBP Reverse Repo ,£B,2025-07-05,2.7726
RM6,Total GBP Reverse Repo ,£B,2025-07-04,2.7524
RM6,Total GBP Reverse Repo ,£B,2025-07-03,2.7670530420899393
RM6,Total GBP Reverse Repo ,£B,2025-07-02,2.7737
RM6,Total GBP Reverse Repo ,£B,2025-07-01,2.7733919000446794
RM6,Total GBP Reverse Repo ,£B,2025-06-29,2.758688872432709
RM6,Total GBP Reverse Repo ,£B,2025-06-28,2.778
RM6,Total GBP Reverse Repo ,£B,2025-06-27,2.7524
RM6,Total GBP Reverse Repo ,£B,2025-06-26,2.7524
RM6,Total GBP Reverse Repo ,£B,2025-06-25,2.771032359552384
RM6,Total GBP Reverse Repo ,£B,2025-06-22,2.7524
RM6,Total GBP Reverse Repo ,£B,2025-06-21,2.7726
RM6,Total GBP Reverse Repo ,£B,2025-06-20,2.778
RM6,Total GBP Reverse Repo ,£B,2025-06-19,2.7524
RM6,Total GBP Reverse Repo ,£B,2025-06-18,2.7524
RM6,Total GBP Reverse Repo ,£B,2025-06-15,2.7726254957795144
RM6,Total GBP Reverse Repo ,£B,2025-06-14,2.763302522170544
RM6,Total GBP Reverse Repo ,£B,2025-06-13,2.7524
RM6,Total GBP Reverse Repo ,£B,2025-06-12,2.7726
RM6,Total GBP Reverse Repo ,£B,2025-06-11,2.7726
RM6,Total GBP Reverse Repo ,£B,2025-06-08,2.7256771397411823
RM6,Total GBP Reverse Repo ,£B,2025-06-07,2.7726
RM6,Total GBP Reverse Repo ,£B,2025-06-06,2.7524
RM6,Total GBP Reverse Repo ,£B,2025-06-05,2.7727229449391366
RM6,Total GBP Reverse Repo ,£B,2025-06-04,2.7216
RM6,Total GBP Reverse Repo ,£B,2025-06-01,2.7524
RM6,Total GBP Reverse Repo ,£B,2025-05-31,2.7726
RM6,Total GBP Reverse Repo ,£B,2025-05-30,2.7216
RM6,Total GBP Reverse Repo ,£B,2025-05-29,2.759859914338589
RM6,Total GBP Reverse Repo ,£B,2025-05-28,2.7216
RM6,Total GBP Reverse Repo ,£B,2025-05-25,2.7726
RM6,Total GBP Reverse Repo ,£B,2025-05-24,2.7524
RM6,Total GBP Reverse Repo ,£B,2025-05-23,2.7726
RM6,Total GBP Reverse Repo ,£B,2025-05-22,2.778
RM6,Total GBP Reverse Repo ,£B,2025-05-21,2.7309971604883674
RM6,Total GBP Reverse Repo ,£B,2025-05-18,2.7726
RM6,Total GBP Reverse Repo ,£B,2025-05-17,2.7231662324726584
RM6,Total GBP Reverse Repo ,£B,2025-05-16,2.7726
RM6,Total GBP Reverse Repo ,£B,2025-05-15,2.7726
RM6,Total GBP Reverse Repo ,£B,2025-05-14,2.7524
RM6,Total GBP Reverse Repo ,£B,2025-05-11,2.7737
RM6,Total GBP Reverse Repo ,£B,2025-05-10,2.723576282954216
RM6,Total GBP Reverse Repo ,£B,2025-05-09,2.7524
RM6,Total GBP Reverse Repo ,£B,2025-05-08,2.7524
RM6,Total GBP Reverse Repo ,£B,2025-05-07,2.7524
RM6,Total GBP Reverse Repo ,£B,2025-05-04,2.7777679480552675
RM6,Total GBP Reverse Repo ,£B,2025-05-03,2.730581208878756
RM6,Total GBP Reverse Repo ,£B,2025-05-02,2.7524
RM6,Total GBP Reverse Repo ,£B,2025-05-01,2.7524
RM5,Total size of the Non-TLAC Portfolio,B,2025-10-31,0.7048
RM5,Total size of the Non-TLAC Portfolio,B,2025-10-30,0.6989259990563772
RM5,Total size of the Non-TLAC Portfolio,B,2025-10-29,0.7117831784839728
RM5,Total size of the Non-TLAC Portfolio,B,2025-10-26,0.7182820630019745
RM5,Total size of the Non-TLAC Portfolio,B,2025-10-25,0.7048
RM5,Total size of the Non-TLAC Portfolio,B,2025-10-24,0.7277541225966365
RM5,Total size of the Non-TLAC Portfolio,B,2025-10-23,0.7151828987097139
RM5,Total size of the Non-TLAC Portfolio,B,2025-10-22,0.7144695639598871
RM5,Total size of the Non-TLAC Portfolio,B,2025-10-19,0.6945039336146323
RM5,Total size of the Non-TLAC Portfolio,B,2025-10-18,0.7131749493260294
RM5,Total size of the Non-TLAC Portfolio,B,2025-10-17,0.7106201810812006
RM5,Total size of the Non-TLAC Portfolio,B,2025-10-16,0.7241627374993385
RM5,Total size of the Non-TLAC Portfolio,B,2025-10-15,0.7119216342888686
RM5,Total size of the Non-TLAC Portfolio,B,2025-10-12,0.7116676805546831
RM5,Total size of the Non-TLAC Portfolio,B,2025-10-11,0.7255069729228489
RM5,Total size of the Non-TLAC Portfolio,B,2025-10-10,0.7175541263644238
RM5,Total size of the Non-TLAC Portfolio,B,2025-10-09,0.6982149513942568
RM5,Total size of the Non-TLAC Portfolio,B,2025-10-08,0.7072230742533938
RM5,Total size of the Non-TLAC Portfolio,B,2025-10-05,0.7113256224500731
RM5,Total size of the Non-TLAC Portfolio,B,2025-10-04,0.7120753061414877
RM5,Total size of the Non-TLAC Portfolio,B,2025-10-03,0.6989633016790552
RM5,Total size of the Non-TLAC Portfolio,B,2025-10-02,0.7276561273557305
RM5,Total size of the Non-TLAC Portfolio,B,2025-10-01,0.7089898717946818
RM5,Total size of the Non-TLAC Portfolio,B,2025-09-28,0.7118289832472802
RM5,Total size of the Non-TLAC Portfolio,B,2025-09-27,0.7048
RM5,Total size of the Non-TLAC Portfolio,B,2025-09-26,0.7276
RM5,Total size of the Non-TLAC Portfolio,B,2025-09-25,0.7048
RM5,Total size of the Non-TLAC Portfolio,B,2025-09-24,0.7048
RM5,Total size of the Non-TLAC Portfolio,B,2025-09-21,0.7048
RM5,Total size of the Non-TLAC Portfolio,B,2025-09-20,0.7276
RM5,Total size of the Non-TLAC Portfolio,B,2025-09-19,0.7207
RM5,Total size of the Non-TLAC Portfolio,B,2025-09-18,0.7207
RM5,Total size of the Non-TLAC Portfolio,B,2025-09-17,0.7276
RM5,Total size of the Non-TLAC Portfolio,B,2025-09-14,0.7048
RM5,Total size of the Non-TLAC Portfolio,B,2025-09-13,0.7048
RM5,Total size of the Non-TLAC Portfolio,B,2025-09-12,0.7048
RM5,Total size of the Non-TLAC Portfolio,B,2025-09-11,0.7048
RM5,Total size of the Non-TLAC Portfolio,B,2025-09-10,0.7048
RM5,Total size of the Non-TLAC Portfolio,B,2025-09-07,0.7048
RM5,Total size of the Non-TLAC Portfolio,B,2025-09-06,0.7048
RM5,Total size of the Non-TLAC Portfolio,B,2025-09-05,0.7048
RM5,Total size of the Non-TLAC Portfolio,B,2025-09-04,0.7048
RM5,Total size of the Non-TLAC Portfolio,B,2025-09-03,0.7180102326631546
RM5,Total size of the Non-TLAC Portfolio,B,2025-08-31,0.7048
RM5,Total size of the Non-TLAC Portfolio,B,2025-08-30,0.7276
RM5,Total size of the Non-TLAC Portfolio,B,2025-08-29,0.7276
RM5,Total size of the Non-TLAC Portfolio,B,2025-08-28,0.7207
RM5,Total size of the Non-TLAC Portfolio,B,2025-08-27,0.7276
RM5,Total size of the Non-TLAC Portfolio,B,2025-08-24,0.7048
RM5,Total size of the Non-TLAC Portfolio,B,2025-08-23,0.7048
RM5,Total size of the Non-TLAC Portfolio,B,2025-08-22,0.7276
RM5,Total size of the Non-TLAC Portfolio,B,2025-08-21,0.7276
RM5,Total size of the Non-TLAC Portfolio,B,2025-08-20,0.7048
RM5,Total size of the Non-TLAC Portfolio,B,2025-08-17,0.7270846342682838
RM5,Total size of the Non-TLAC Portfolio,B,2025-08-16,0.7048
RM5,Total size of the Non-TLAC Portfolio,B,2025-08-15,0.7276
RM5,Total size of the Non-TLAC Portfolio,B,2025-08-14,0.7048
RM5,Total size of the Non-TLAC Portfolio,B,2025-08-13,0.7048
RM5,Total size of the Non-TLAC Portfolio,B,2025-08-10,0.7276
RM5,Total size of the Non-TLAC Portfolio,B,2025-08-09,0.7274185282588005
RM5,Total size of the Non-TLAC Portfolio,B,2025-08-08,0.7276
RM5,Total size of the Non-TLAC Portfolio,B,2025-08-07,0.7048
RM5,Total size of the Non-TLAC Portfolio,B,2025-08-06,0.7207
RM5,Total size of the Non-TLAC Portfolio,B,2025-08-03,0.7207
RM5,Total size of the Non-TLAC Portfolio,B,2025-08-02,0.7048
RM5,Total size of the Non-TLAC Portfolio,B,2025-08-01,0.7048
RM5,Total size of the Non-TLAC Portfolio,B,2025-07-30,0.7276
RM5,Total size of the Non-TLAC Portfolio,B,2025-07-29,0.7048
RM5,Total size of the Non-TLAC Portfolio,B,2025-07-26,0.7048
RM5,Total size of the Non-TLAC Portfolio,B,2025-07-25,0.7048
RM5,Total size of the Non-TLAC Portfolio,B,2025-07-24,0.7048
RM5,Total size of the Non-TLAC Portfolio,B,2025-07-23,0.7048
RM5,Total size of the Non-TLAC Portfolio,B,2025-07-22,0.7276
RM5,Total size of the Non-TLAC Portfolio,B,2025-07-19,0.7048
RM5,Total size of the Non-TLAC Portfolio,B,2025-07-18,0.7276
RM5,Total size of the Non-TLAC Portfolio,B,2025-07-17,0.7192794167399407
RM5,Total size of the Non-TLAC Portfolio,B,2025-07-16,0.7048
RM5,Total size of the Non-TLAC Portfolio,B,2025-07-15,0.7276
RM5,Total size of the Non-TLAC Portfolio,B,2025-07-12,0.7276
RM5,Total size of the Non-TLAC Portfolio,B,2025-07-11,0.7048
RM5,Total size of the Non-TLAC Portfolio,B,2025-07-10,0.7207
RM5,Total size of the Non-TLAC Portfolio,B,2025-07-09,0.7048
RM5,Total size of the Non-TLAC Portfolio,B,2025-07-08,0.7048
RM5,Total size of the Non-TLAC Portfolio,B,2025-07-05,0.7166551895022393
RM5,Total size of the Non-TLAC Portfolio,B,2025-07-04,0.7048
RM5,Total size of the Non-TLAC Portfolio,B,2025-07-03,0.7276
RM5,Total size of the Non-TLAC Portfolio,B,2025-07-02,0.7048
RM5,Total size of the Non-TLAC Portfolio,B,2025-07-01,0.7048
RM5,Total size of the Non-TLAC Portfolio,B,2025-06-29,0.7048
RM5,Total size of the Non-TLAC Portfolio,B,2025-06-28,0.7207
RM5,Total size of the Non-TLAC Portfolio,B,2025-06-27,0.7048
RM5,Total size of the Non-TLAC Portfolio,B,2025-06-26,0.7048
RM5,Total size of the Non-TLAC Portfolio,B,2025-06-25,0.7048
RM5,Total size of the Non-TLAC Portfolio,B,2025-06-22,0.7048
RM5,Total size of the Non-TLAC Portfolio,B,2025-06-21,0.7048
RM5,Total size of the Non-TLAC Portfolio,B,2025-06-20,0.7048
RM5,Total size of the Non-TLAC Portfolio,B,2025-06-19,0.7250515427112579
RM5,Total size of the Non-TLAC Portfolio,B,2025-06-18,0.7255305707097054
RM5,Total size of the Non-TLAC Portfolio,B,2025-06-15,0.7048
RM5,Total size of the Non-TLAC Portfolio,B,2025-06-14,0.7048
RM5,Total size of the Non-TLAC Portfolio,B,2025-06-13,0.7207
RM5,Total size of the Non-TLAC Portfolio,B,2025-06-12,0.7048
RM5,Total size of the Non-TLAC Portfolio,B,2025-06-11,0.7048
RM5,Total size of the Non-TLAC Portfolio,B,2025-06-08,0.7048
RM5,Total size of the Non-TLAC Portfolio,B,2025-06-07,0.7207
RM5,Total size of the Non-TLAC Portfolio,B,2025-06-06,0.7048
RM5,Total size of the Non-TLAC Portfolio,B,2025-06-05,0.7276
RM5,Total size of the Non-TLAC Portfolio,B,2025-06-04,0.7245
RM5,Total size of the Non-TLAC Portfolio,B,2025-06-01,0.7251519165992737
RM5,Total size of the Non-TLAC Portfolio,B,2025-05-31,0.7048
RM5,Total size of the Non-TLAC Portfolio,B,2025-05-30,0.7223913077831269
RM5,Total size of the Non-TLAC Portfolio,B,2025-05-29,0.7048
RM5,Total size of the Non-TLAC Portfolio,B,2025-05-28,0.7048
RM5,Total size of the Non-TLAC Portfolio,B,2025-05-25,0.7048
RM5,Total size of the Non-TLAC Portfolio,B,2025-05-24,0.7048
RM5,Total size of the Non-TLAC Portfolio,B,2025-05-23,0.7276
RM5,Total size of the Non-TLAC Portfolio,B,2025-05-22,0.7276
RM5,Total size of the Non-TLAC Portfolio,B,2025-05-21,0.7247876608490944
RM5,Total size of the Non-TLAC Portfolio,B,2025-05-18,0.7245
RM5,Total size of the Non-TLAC Portfolio,B,2025-05-17,0.7048
RM5,Total size of the Non-TLAC Portfolio,B,2025-05-16,0.7276
RM5,Total size of the Non-TLAC Portfolio,B,2025-05-15,0.7048
RM5,Total size of the Non-TLAC Portfolio,B,2025-05-14,0.7257936476945878
RM5,Total size of the Non-TLAC Portfolio,B,2025-05-11,0.7048
RM5,Total size of the Non-TLAC Portfolio,B,2025-05-10,0.7254177374839783
RM5,Total size of the Non-TLAC Portfolio,B,2025-05-09,0.7207
RM5,Total size of the Non-TLAC Portfolio,B,2025-05-08,0.7048
RM5,Total size of the Non-TLAC Portfolio,B,2025-05-07,0.7048
RM5,Total size of the Non-TLAC Portfolio,B,2025-05-04,0.7276
RM5,Total size of the Non-TLAC Portfolio,B,2025-05-03,0.7048
RM5,Total size of the Non-TLAC Portfolio,B,2025-05-02,0.7048
RM5,Total size of the Non-TLAC Portfolio,B,2025-05-01,0.7048
RM7,Wholesale Funding Counterparty Concentration,n/a,2025-10-31,ACME INC
RM7,Wholesale Funding Counterparty Concentration,n/a,2025-10-30,ACME INC
RM7,Wholesale Funding Counterparty Concentration,n/a,2025-10-29,ACME INC
RM7,Wholesale Funding Counterparty Concentration,n/a,2025-10-26,ACME INC
RM7,Wholesale Funding Counterparty Concentration,n/a,2025-10-24,ACME INC
RM7,Wholesale Funding Counterparty Concentration,n/a,2025-10-23,ACME INC
RM7,Wholesale Funding Counterparty Concentration,n/a,2025-10-22,ACME INC
RM7,Wholesale Funding Counterparty Concentration,n/a,2025-10-19,ACME INC
RM7,Wholesale Funding Counterparty Concentration,n/a,2025-10-18,ACME INC
RM7,Wholesale Funding Counterparty Concentration,n/a,2025-10-17,ACME INC
RM7,Wholesale Funding Counterparty Concentration,n/a,2025-10-16,ACME INC
RM7,Wholesale Funding Counterparty Concentration,n/a,2025-10-15,ACME INC
RM7,Wholesale Funding Counterparty Concentration,n/a,2025-10-12,ACME INC
RM7,Wholesale Funding Counterparty Concentration,n/a,2025-10-11,ACME INC
RM7,Wholesale Funding Counterparty Concentration,n/a,2025-10-10,ACME INC
RM7,Wholesale Funding Counterparty Concentration,n/a,2025-10-09,ACME INC
RM7,Wholesale Funding Counterparty Concentration,n/a,2025-10-08,ACME INC
RM7,Wholesale Funding Counterparty Concentration,n/a,2025-10-05,ACME INC
RM7,Wholesale Funding Counterparty Concentration,n/a,2025-10-04,ACME INC
RM7,Wholesale Funding Counterparty Concentration,n/a,2025-10-03,ACME INC
RM7,Wholesale Funding Counterparty Concentration,n/a,2025-10-02,ACME INC
RM7,Wholesale Funding Counterparty Concentration,n/a,2025-10-01,ACME INC
RM7,Wholesale Funding Counterparty Concentration,n/a,2025-09-28,ACME INC
RM7,Wholesale Funding Counterparty Concentration,n/a,2025-09-27,ACME INC
RM7,Wholesale Funding Counterparty Concentration,n/a,2025-09-26,ACME INC
RM7,Wholesale Funding Counterparty Concentration,n/a,2025-09-25,ACME INC
RM7,Wholesale Funding Counterparty Concentration,n/a,2025-09-24,ACME INC
RM7,Wholesale Funding Counterparty Concentration,n/a,2025-09-21,ACME INC
RM7,Wholesale Funding Counterparty Concentration,n/a,2025-09-20,ACME INC
RM7,Wholesale Funding Counterparty Concentration,n/a,2025-09-19,ACME INC
RM7,Wholesale Funding Counterparty Concentration,n/a,2025-09-18,ACME INC
RM7,Wholesale Funding Counterparty Concentration,n/a,2025-09-17,ACME INC
RM7,Wholesale Funding Counterparty Concentration,n/a,2025-09-14,ACME INC
RM7,Wholesale Funding Counterparty Concentration,n/a,2025-09-13,ACME INC
RM7,Wholesale Funding Counterparty Concentration,n/a,2025-09-12,ACME INC
RM7,Wholesale Funding Counterparty Concentration,n/a,2025-09-11,ACME INC
RM7,Wholesale Funding Counterparty Concentration,n/a,2025-09-10,ACME INC
RM7,Wholesale Funding Counterparty Concentration,n/a,2025-09-07,ACME INC
RM7,Wholesale Funding Counterparty Concentration,n/a,2025-09-06,ACME INC
RM7,Wholesale Funding Counterparty Concentration,n/a,2025-09-05,ACME INC
RM7,Wholesale Funding Counterparty Concentration,n/a,2025-09-04,ACME INC
RM7,Wholesale Funding Counterparty Concentration,n/a,2025-09-03,ACME INC
RM7,Wholesale Funding Counterparty Concentration,n/a,2025-08-31,ACME INC
RM7,Wholesale Funding Counterparty Concentration,n/a,2025-08-30,ACME INC
RM7,Wholesale Funding Counterparty Concentration,n/a,2025-08-29,ACME INC
RM7,Wholesale Funding Counterparty Concentration,n/a,2025-08-28,ACME INC
RM7,Wholesale Funding Counterparty Concentration,n/a,2025-08-27,ACME INC
RM7,Wholesale Funding Counterparty Concentration,n/a,2025-08-24,ACME INC
RM7,Wholesale Funding Counterparty Concentration,n/a,2025-08-23,ACME INC
RM7,Wholesale Funding Counterparty Concentration,n/a,2025-08-22,ACME INC
RM7,Wholesale Funding Counterparty Concentration,n/a,2025-08-21,ACME INC
RM7,Wholesale Funding Counterparty Concentration,n/a,2025-08-20,ACME INC
RM7,Wholesale Funding Counterparty Concentration,n/a,2025-08-17,ACME INC
RM7,Wholesale Funding Counterparty Concentration,n/a,2025-08-16,ACME INC
RM7,Wholesale Funding Counterparty Concentration,n/a,2025-08-15,ACME INC
RM7,Wholesale Funding Counterparty Concentration,n/a,2025-08-14,ACME INC
RM7,Wholesale Funding Counterparty Concentration,n/a,2025-08-13,ACME INC
RM7,Wholesale Funding Counterparty Concentration,n/a,2025-08-10,ACME INC
RM7,Wholesale Funding Counterparty Concentration,n/a,2025-08-09,ACME INC
RM7,Wholesale Funding Counterparty Concentration,n/a,2025-08-08,ACME INC
RM7,Wholesale Funding Counterparty Concentration,n/a,2025-08-07,ACME INC
RM7,Wholesale Funding Counterparty Concentration,n/a,2025-08-06,ACME INC
RM7,Wholesale Funding Counterparty Concentration,n/a,2025-08-03,ACME INC
RM7,Wholesale Funding Counterparty Concentration,n/a,2025-08-02,ACME INC
RM7,Wholesale Funding Counterparty Concentration,n/a,2025-08-01,ACME INC
RM7,Wholesale Funding Counterparty Concentration,n/a,2025-07-30,ACME INC
RM7,Wholesale Funding Counterparty Concentration,n/a,2025-07-29,ACME INC
RM7,Wholesale Funding Counterparty Concentration,n/a,2025-07-26,ACME INC
RM7,Wholesale Funding Counterparty Concentration,n/a,2025-07-25,ACME INC
RM7,Wholesale Funding Counterparty Concentration,n/a,2025-07-24,ACME INC
RM7,Wholesale Funding Counterparty Concentration,n/a,2025-07-23,ACME INC
RM7,Wholesale Funding Counterparty Concentration,n/a,2025-07-22,ACME INC
RM7,Wholesale Funding Counterparty Concentration,n/a,2025-07-19,ACME INC
RM7,Wholesale Funding Counterparty Concentration,n/a,2025-07-18,ACME INC
RM7,Wholesale Funding Counterparty Concentration,n/a,2025-07-17,ACME INC
RM7,Wholesale Funding Counterparty Concentration,n/a,2025-07-16,ACME INC
RM7,Wholesale Funding Counterparty Concentration,n/a,2025-07-15,ACME INC
RM7,Wholesale Funding Counterparty Concentration,n/a,2025-07-12,ACME INC
RM7,Wholesale Funding Counterparty Concentration,n/a,2025-07-11,ACME INC
RM7,Wholesale Funding Counterparty Concentration,n/a,2025-07-10,ACME INC
RM7,Wholesale Funding Counterparty Concentration,n/a,2025-07-09,ACME INC
RM7,Wholesale Funding Counterparty Concentration,n/a,2025-07-08,ACME INC
RM7,Wholesale Funding Counterparty Concentration,n/a,2025-07-05,ACME INC
RM7,Wholesale Funding Counterparty Concentration,n/a,2025-07-04,ACME INC
RM7,Wholesale Funding Counterparty Concentration,n/a,2025-07-03,ACME INC
RM7,Wholesale Funding Counterparty Concentration,n/a,2025-07-02,ACME INC
RM7,Wholesale Funding Counterparty Concentration,n/a,2025-07-01,ACME INC
RM7,Wholesale Funding Counterparty Concentration,n/a,2025-06-29,ACME INC
RM7,Wholesale Funding Counterparty Concentration,n/a,2025-06-28,ACME INC
RM7,Wholesale Funding Counterparty Concentration,n/a,2025-06-27,ACME INC
RM7,Wholesale Funding Counterparty Concentration,n/a,2025-06-26,ACME INC
RM7,Wholesale Funding Counterparty Concentration,n/a,2025-06-25,ACME INC
RM7,Wholesale Funding Counterparty Concentration,n/a,2025-06-22,ACME INC
RM7,Wholesale Funding Counterparty Concentration,n/a,2025-06-21,ACME INC
RM7,Wholesale Funding Counterparty Concentration,n/a,2025-06-20,ACME INC
RM7,Wholesale Funding Counterparty Concentration,n/a,2025-06-19,ACME INC
RM7,Wholesale Funding Counterparty Concentration,n/a,2025-06-18,ACME INC
RM7,Wholesale Funding Counterparty Concentration,n/a,2025-06-15,ACME INC
RM7,Wholesale Funding Counterparty Concentration,n/a,2025-06-14,ACME INC
RM7,Wholesale Funding Counterparty Concentration,n/a,2025-06-13,ACME INC
RM7,Wholesale Funding Counterparty Concentration,n/a,2025-06-12,ACME INC
RM7,Wholesale Funding Counterparty Concentration,n/a,2025-06-11,ACME INC
RM7,Wholesale Funding Counterparty Concentration,n/a,2025-06-08,ACME INC
RM7,Wholesale Funding Counterparty Concentration,n/a,2025-06-07,ACME INC
RM7,Wholesale Funding Counterparty Concentration,n/a,2025-06-06,ACME INC
RM7,Wholesale Funding Counterparty Concentration,n/a,2025-06-05,ACME INC
RM7,Wholesale Funding Counterparty Concentration,n/a,2025-06-04,ACME INC
RM7,Wholesale Funding Counterparty Concentration,n/a,2025-06-01,ACME INC
RM7,Wholesale Funding Counterparty Concentration,n/a,2025-05-31,ACME INC
RM7,Wholesale Funding Counterparty Concentration,n/a,2025-05-30,ACME INC
RM7,Wholesale Funding Counterparty Concentration,n/a,2025-05-29,ACME INC
RM7,Wholesale Funding Counterparty Concentration,n/a,2025-05-28,ACME INC
RM7,Wholesale Funding Counterparty Concentration,n/a,2025-05-25,ACME INC
RM7,Wholesale Funding Counterparty Concentration,n/a,2025-05-24,ACME INC
RM7,Wholesale Funding Counterparty Concentration,n/a,2025-05-23,ACME INC
RM7,Wholesale Funding Counterparty Concentration,n/a,2025-05-22,ACME INC
RM7,Wholesale Funding Counterparty Concentration,n/a,2025-05-21,ACME INC
RM7,Wholesale Funding Counterparty Concentration,n/a,2025-05-18,ACME INC
RM7,Wholesale Funding Counterparty Concentration,n/a,2025-05-17,ACME INC
RM7,Wholesale Funding Counterparty Concentration,n/a,2025-05-16,ACME INC
RM7,Wholesale Funding Counterparty Concentration,n/a,2025-05-15,ACME INC
RM7,Wholesale Funding Counterparty Concentration,n/a,2025-05-14,ACME INC
RM7,Wholesale Funding Counterparty Concentration,n/a,2025-05-11,ACME INC
RM7,Wholesale Funding Counterparty Concentration,n/a,2025-05-10,ACME INC
RM7,Wholesale Funding Counterparty Concentration,n/a,2025-05-09,ACME INC
RM7,Wholesale Funding Counterparty Concentration,n/a,2025-05-08,ACME INC
RM7,Wholesale Funding Counterparty Concentration,n/a,2025-05-07,ACME INC
RM7,Wholesale Funding Counterparty Concentration,n/a,2025-05-04,ACME INC
RM7,Wholesale Funding Counterparty Concentration,n/a,2025-05-03,ACME INC
RM7,Wholesale Funding Counterparty Concentration,n/a,2025-05-02,ACME INC
RM7,Wholesale Funding Counterparty Concentration,n/a,2025-05-01,ACME INC
RM9,Zero Coupon / Accreter issued,$MM,2025-10-30,0
RM9,Zero Coupon / Accreter issued,$MM,2025-10-30,0
RM9,Zero Coupon / Accreter issued,$MM,2025-10-30,0
RM9,Zero Coupon / Accreter issued,$MM,2025-10-29,0
RM9,Zero Coupon / Accreter issued,$MM,2025-10-26,0
RM9,Zero Coupon / Accreter issued,$MM,2025-10-24,1
RM9,Zero Coupon / Accreter issued,$MM,2025-10-23,0
RM9,Zero Coupon / Accreter issued,$MM,2025-10-22,1
RM9,Zero Coupon / Accreter issued,$MM,2025-10-19,0
RM9,Zero Coupon / Accreter issued,$MM,2025-10-18,0
RM9,Zero Coupon / Accreter issued,$MM,2025-10-17,0
RM9,Zero Coupon / Accreter issued,$MM,2025-10-16,0
RM9,Zero Coupon / Accreter issued,$MM,2025-10-15,1
RM9,Zero Coupon / Accreter issued,$MM,2025-10-12,0
RM9,Zero Coupon / Accreter issued,$MM,2025-10-11,0
RM9,Zero Coupon / Accreter issued,$MM,2025-10-10,0
RM9,Zero Coupon / Accreter issued,$MM,2025-10-09,0
RM9,Zero Coupon / Accreter issued,$MM,2025-10-08,1
RM9,Zero Coupon / Accreter issued,$MM,2025-10-05,0
RM9,Zero Coupon / Accreter issued,$MM,2025-10-04,0
RM9,Zero Coupon / Accreter issued,$MM,2025-10-03,2
RM9,Zero Coupon / Accreter issued,$MM,2025-10-02,0
RM9,Zero Coupon / Accreter issued,$MM,2025-10-01,0
RM9,Zero Coupon / Accreter issued,$MM,2025-09-28,0
RM9,Zero Coupon / Accreter issued,$MM,2025-09-27,0
RM9,Zero Coupon / Accreter issued,$MM,2025-09-26,0
RM9,Zero Coupon / Accreter issued,$MM,2025-09-25,0
RM9,Zero Coupon / Accreter issued,$MM,2025-09-24,0
RM9,Zero Coupon / Accreter issued,$MM,2025-09-21,0
RM9,Zero Coupon / Accreter issued,$MM,2025-09-20,1
RM9,Zero Coupon / Accreter issued,$MM,2025-09-19,0
RM9,Zero Coupon / Accreter issued,$MM,2025-09-18,0
RM9,Zero Coupon / Accreter issued,$MM,2025-09-17,0
RM9,Zero Coupon / Accreter issued,$MM,2025-09-14,0
RM9,Zero Coupon / Accreter issued,$MM,2025-09-13,0
RM9,Zero Coupon / Accreter issued,$MM,2025-09-12,1
RM9,Zero Coupon / Accreter issued,$MM,2025-09-11,0
RM9,Zero Coupon / Accreter issued,$MM,2025-09-10,0
RM9,Zero Coupon / Accreter issued,$MM,2025-09-07,0
RM9,Zero Coupon / Accreter issued,$MM,2025-09-06,1
RM9,Zero Coupon / Accreter issued,$MM,2025-09-05,0
RM9,Zero Coupon / Accreter issued,$MM,2025-09-04,0
RM9,Zero Coupon / Accreter issued,$MM,2025-09-03,2
RM9,Zero Coupon / Accreter issued,$MM,2025-08-31,0
RM9,Zero Coupon / Accreter issued,$MM,2025-08-30,0
RM9,Zero Coupon / Accreter issued,$MM,2025-08-29,0
RM9,Zero Coupon / Accreter issued,$MM,2025-08-28,0
RM9,Zero Coupon / Accreter issued,$MM,2025-08-27,1
RM9,Zero Coupon / Accreter issued,$MM,2025-08-24,0
RM9,Zero Coupon / Accreter issued,$MM,2025-08-23,0
RM9,Zero Coupon / Accreter issued,$MM,2025-08-22,0
RM9,Zero Coupon / Accreter issued,$MM,2025-08-21,2
RM9,Zero Coupon / Accreter issued,$MM,2025-08-20,1
RM9,Zero Coupon / Accreter issued,$MM,2025-08-17,1
RM9,Zero Coupon / Accreter issued,$MM,2025-08-16,0
RM9,Zero Coupon / Accreter issued,$MM,2025-08-15,0
RM9,Zero Coupon / Accreter issued,$MM,2025-08-14,0
RM9,Zero Coupon / Accreter issued,$MM,2025-08-13,0
RM9,Zero Coupon / Accreter issued,$MM,2025-08-10,2
RM9,Zero Coupon / Accreter issued,$MM,2025-08-09,0
RM9,Zero Coupon / Accreter issued,$MM,2025-08-08,0
RM9,Zero Coupon / Accreter issued,$MM,2025-08-07,0
RM9,Zero Coupon / Accreter issued,$MM,2025-08-06,0
RM9,Zero Coupon / Accreter issued,$MM,2025-08-03,1
RM9,Zero Coupon / Accreter issued,$MM,2025-08-02,1
RM9,Zero Coupon / Accreter issued,$MM,2025-08-01,0
RM9,Zero Coupon / Accreter issued,$MM,2025-07-30,0
RM9,Zero Coupon / Accreter issued,$MM,2025-07-29,1
RM9,Zero Coupon / Accreter issued,$MM,2025-07-26,1
RM9,Zero Coupon / Accreter issued,$MM,2025-07-25,1
RM9,Zero Coupon / Accreter issued,$MM,2025-07-24,0
RM9,Zero Coupon / Accreter issued,$MM,2025-07-23,0
RM9,Zero Coupon / Accreter issued,$MM,2025-07-22,0
RM9,Zero Coupon / Accreter issued,$MM,2025-07-19,0
RM9,Zero Coupon / Accreter issued,$MM,2025-07-18,0
RM9,Zero Coupon / Accreter issued,$MM,2025-07-17,0
RM9,Zero Coupon / Accreter issued,$MM,2025-07-16,0
RM9,Zero Coupon / Accreter issued,$MM,2025-07-15,0
RM9,Zero Coupon / Accreter issued,$MM,2025-07-12,0
RM9,Zero Coupon / Accreter issued,$MM,2025-07-11,0
RM9,Zero Coupon / Accreter issued,$MM,2025-07-10,0
RM9,Zero Coupon / Accreter issued,$MM,2025-07-09,0
RM9,Zero Coupon / Accreter issued,$MM,2025-07-08,0
RM9,Zero Coupon / Accreter issued,$MM,2025-07-05,0
RM9,Zero Coupon / Accreter issued,$MM,2025-07-04,0
RM9,Zero Coupon / Accreter issued,$MM,2025-07-03,0
RM9,Zero Coupon / Accreter issued,$MM,2025-07-02,0
RM9,Zero Coupon / Accreter issued,$MM,2025-07-01,0
RM9,Zero Coupon / Accreter issued,$MM,2025-06-29,0
RM9,Zero Coupon / Accreter issued,$MM,2025-06-28,1
RM9,Zero Coupon / Accreter issued,$MM,2025-06-27,0
RM9,Zero Coupon / Accreter issued,$MM,2025-06-26,0
RM9,Zero Coupon / Accreter issued,$MM,2025-06-25,0
RM9,Zero Coupon / Accreter issued,$MM,2025-06-22,0
RM9,Zero Coupon / Accreter issued,$MM,2025-06-21,0
RM9,Zero Coupon / Accreter issued,$MM,2025-06-20,0
RM9,Zero Coupon / Accreter issued,$MM,2025-06-19,1
RM9,Zero Coupon / Accreter issued,$MM,2025-06-18,0
RM9,Zero Coupon / Accreter issued,$MM,2025-06-15,0
RM9,Zero Coupon / Accreter issued,$MM,2025-06-14,0
RM9,Zero Coupon / Accreter issued,$MM,2025-06-13,0
RM9,Zero Coupon / Accreter issued,$MM,2025-06-12,0
RM9,Zero Coupon / Accreter issued,$MM,2025-06-11,0
RM9,Zero Coupon / Accreter issued,$MM,2025-06-08,0
RM9,Zero Coupon / Accreter issued,$MM,2025-06-07,0
RM9,Zero Coupon / Accreter issued,$MM,2025-06-06,0
RM9,Zero Coupon / Accreter issued,$MM,2025-06-05,0
RM9,Zero Coupon / Accreter issued,$MM,2025-06-04,0
RM9,Zero Coupon / Accreter issued,$MM,2025-06-01,0
RM9,Zero Coupon / Accreter issued,$MM,2025-05-31,0
RM9,Zero Coupon / Accreter issued,$MM,2025-05-30,0
RM9,Zero Coupon / Accreter issued,$MM,2025-05-29,0
RM9,Zero Coupon / Accreter issued,$MM,2025-05-28,1
RM9,Zero Coupon / Accreter issued,$MM,2025-05-25,0
RM9,Zero Coupon / Accreter issued,$MM,2025-05-24,0
RM9,Zero Coupon / Accreter issued,$MM,2025-05-23,0
RM9,Zero Coupon / Accreter issued,$MM,2025-05-22,0
RM9,Zero Coupon / Accreter issued,$MM,2025-05-21,0
RM9,Zero Coupon / Accreter issued,$MM,2025-05-18,0
RM9,Zero Coupon / Accreter issued,$MM,2025-05-17,0
RM9,Zero Coupon / Accreter issued,$MM,2025-05-16,1
RM9,Zero Coupon / Accreter issued,$MM,2025-05-15,0
RM9,Zero Coupon / Accreter issued,$MM,2025-05-14,0
RM9,Zero Coupon / Accreter issued,$MM,2025-05-11,0
RM9,Zero Coupon / Accreter issued,$MM,2025-05-10,1
RM9,Zero Coupon / Accreter issued,$MM,2025-05-09,0
RM9,Zero Coupon / Accreter issued,$MM,2025-05-08,0
RM9,Zero Coupon / Accreter issued,$MM,2025-05-07,0
RM9,Zero Coupon / Accreter issued,$MM,2025-05-04,0
RM9,Zero Coupon / Accreter issued,$MM,2025-05-03,1
RM9,Zero Coupon / Accreter issued,$MM,2025-05-02,0
RM9,Zero Coupon / Accreter issued,$MM,2025-05-01,1
RM4,Liquidity Ratio,%,2025-10-31,1.1048191952159896
RM4,Liquidity Ratio,%,2025-10-30,1.1104966483795222
RM4,Liquidity Ratio,%,2025-10-29,1.1066408224497806
RM4,Liquidity Ratio,%,2025-10-26,1.1093068098232344
RM4,Liquidity Ratio,%,2025-10-25,1.1137873944199086
RM4,Liquidity Ratio,%,2025-10-24,1.1133200008722928
RM4,Liquidity Ratio,%,2025-10-23,1.1094487060030795
RM4,Liquidity Ratio,%,2025-10-22,1.1213185532699481
RM4,Liquidity Ratio,%,2025-10-19,1.1218537467885108
RM4,Liquidity Ratio,%,2025-10-18,1.108447044895744
RM4,Liquidity Ratio,%,2025-10-17,1.119149828926384
RM4,Liquidity Ratio,%,2025-10-16,1.1175994628951567
RM4,Liquidity Ratio,%,2025-10-15,1.1234752546498321
RM4,Liquidity Ratio,%,2025-10-12,1.1118735474718173
RM4,Liquidity Ratio,%,2025-10-11,1.1155415518114478
RM4,Liquidity Ratio,%,2025-10-10,1.117354958463493
RM4,Liquidity Ratio,%,2025-10-09,1.1091438231387811
RM4,Liquidity Ratio,%,2025-10-08,1.118007587810901
RM4,Liquidity Ratio,%,2025-10-05,1.1147612118508772
RM4,Liquidity Ratio,%,2025-10-04,1.1141910899025578
RM4,Liquidity Ratio,%,2025-10-03,1.1218501067320905
RM4,Liquidity Ratio,%,2025-10-02,1.1136665604234552
RM4,Liquidity Ratio,%,2025-10-01,1.1033429444795448
RM4,Liquidity Ratio,%,2025-09-28,1.1080598419904113
RM4,Liquidity Ratio,%,2025-09-27,1.1115848180274963
RM4,Liquidity Ratio,%,2025-09-26,1.1105449860709309
RM4,Liquidity Ratio,%,2025-09-25,1.1123183676099777
RM4,Liquidity Ratio,%,2025-09-24,1.1147920494601726
RM4,Liquidity Ratio,%,2025-09-21,1.1127005945453643
RM4,Liquidity Ratio,%,2025-09-20,1.1109331522488592
RM4,Liquidity Ratio,%,2025-09-19,1.1117369816520213
RM4,Liquidity Ratio,%,2025-09-18,1.1128087156217694
RM4,Liquidity Ratio,%,2025-09-17,1.110792393863678
RM4,Liquidity Ratio,%,2025-09-14,1.1191192455435395
RM4,Liquidity Ratio,%,2025-09-13,1.1094761344422102
RM4,Liquidity Ratio,%,2025-09-12,1.1120172711558343
RM4,Liquidity Ratio,%,2025-09-11,1.1101420296404363
RM4,Liquidity Ratio,%,2025-09-10,1.1136772191970348
RM4,Liquidity Ratio,%,2025-09-07,1.1117849845330716
RM4,Liquidity Ratio,%,2025-09-06,1.1131025952284932
RM4,Liquidity Ratio,%,2025-09-05,1.1122029195404053
RM4,Liquidity Ratio,%,2025-09-04,1.1147103043682574
RM4,Liquidity Ratio,%,2025-09-03,1.1126471685667036
RM4,Liquidity Ratio,%,2025-08-31,1.1199404968342186
RM4,Liquidity Ratio,%,2025-08-30,1.1117706518502235
RM4,Liquidity Ratio,%,2025-08-29,1.1210458017505407
RM4,Liquidity Ratio,%,2025-08-28,1.1188903808156252
RM4,Liquidity Ratio,%,2025-08-27,1.11367769537282
RM4,Liquidity Ratio,%,2025-08-24,1.1181498229956628
RM4,Liquidity Ratio,%,2025-08-23,1.1137051004292966
RM4,Liquidity Ratio,%,2025-08-22,1.1075738587175608
RM4,Liquidity Ratio,%,2025-08-21,1.124632712336719
RM4,Liquidity Ratio,%,2025-08-20,1.1094077388222219
RM4,Liquidity Ratio,%,2025-08-17,1.1073196697173715
RM4,Liquidity Ratio,%,2025-08-16,1.1072987600661517
RM4,Liquidity Ratio,%,2025-08-15,1.111686988074541
RM4,Liquidity Ratio,%,2025-08-14,1.1158161038284302
RM4,Liquidity Ratio,%,2025-08-13,1.1137081119134427
RM4,Liquidity Ratio,%,2025-08-10,1.1137246082924603
RM4,Liquidity Ratio,%,2025-08-09,1.1143681158366798
RM4,Liquidity Ratio,%,2025-08-08,1.1165295840435028
RM4,Liquidity Ratio,%,2025-08-07,1.1168620399478077
RM4,Liquidity Ratio,%,2025-08-06,1.1129756360539198
RM4,Liquidity Ratio,%,2025-08-03,1.1136915363037587
RM4,Liquidity Ratio,%,2025-08-02,1.1102314593091012
RM4,Liquidity Ratio,%,2025-08-01,1.1136859846646787
RM4,Liquidity Ratio,%,2025-07-30,1.1129921178313493
RM4,Liquidity Ratio,%,2025-07-29,1.1144458700161575
RM4,Liquidity Ratio,%,2025-07-26,1.1209214470744133
RM4,Liquidity Ratio,%,2025-07-25,1.1130211784994006
RM4,Liquidity Ratio,%,2025-07-24,1.1141560276159048
RM4,Liquidity Ratio,%,2025-07-23,1.1103872008265854
RM4,Liquidity Ratio,%,2025-07-22,1.1106356248130798
RM4,Liquidity Ratio,%,2025-07-19,1.1137623708494306
RM4,Liquidity Ratio,%,2025-07-18,1.1252700541924239
RM4,Liquidity Ratio,%,2025-07-17,1.1152447148444056
RM4,Liquidity Ratio,%,2025-07-16,1.124217314764738
RM4,Liquidity Ratio,%,2025-07-15,1.111920525370121
RM4,Liquidity Ratio,%,2025-07-12,1.1104135204597712
RM4,Liquidity Ratio,%,2025-07-11,1.1105705965361
RM4,Liquidity Ratio,%,2025-07-10,1.115671754863739
RM4,Liquidity Ratio,%,2025-07-09,1.114018093296945
RM4,Liquidity Ratio,%,2025-07-08,1.1082207814887761
RM4,Liquidity Ratio,%,2025-07-05,1.1116414639151095
RM4,Liquidity Ratio,%,2025-07-04,1.1072835415995121
RM4,Liquidity Ratio,%,2025-07-03,1.1116013961055278
RM4,Liquidity Ratio,%,2025-07-02,1.115282186757207
RM4,Liquidity Ratio,%,2025-07-01,1.124539820652902
RM4,Liquidity Ratio,%,2025-06-29,1.119770777308464
RM4,Liquidity Ratio,%,2025-06-28,1.115957678080082
RM4,Liquidity Ratio,%,2025-06-27,1.1211328663742541
RM4,Liquidity Ratio,%,2025-06-26,1.1268352871742846
RM4,Liquidity Ratio,%,2025-06-25,1.1078357165849209
RM4,Liquidity Ratio,%,2025-06-22,1.1081267315579058
RM4,Liquidity Ratio,%,2025-06-21,1.1081442511640787
RM4,Liquidity Ratio,%,2025-06-20,1.1136602789037824
RM4,Liquidity Ratio,%,2025-06-19,1.1107170475196837
RM4,Liquidity Ratio,%,2025-06-18,1.125641510541737
RM4,Liquidity Ratio,%,2025-06-15,1.1268041345216036
RM4,Liquidity Ratio,%,2025-06-14,1.1254513041231036
RM4,Liquidity Ratio,%,2025-06-13,1.1137845552494525
RM4,Liquidity Ratio,%,2025-06-12,1.109864119667828
RM4,Liquidity Ratio,%,2025-06-11,1.1078137655125857
RM4,Liquidity Ratio,%,2025-06-08,1.1137564266104103
RM4,Liquidity Ratio,%,2025-06-07,1.1237441168231963
RM4,Liquidity Ratio,%,2025-06-06,1.111633535793066
RM4,Liquidity Ratio,%,2025-06-05,1.1251685904682875
RM4,Liquidity Ratio,%,2025-06-04,1.1136944162695408
RM4,Liquidity Ratio,%,2025-06-01,1.1252315865905285
RM4,Liquidity Ratio,%,2025-05-31,1.1192288657544256
RM4,Liquidity Ratio,%,2025-05-30,1.1146996566529273
RM4,Liquidity Ratio,%,2025-05-29,1.1141074059293865
RM4,Liquidity Ratio,%,2025-05-28,1.1136976507511138
RM4,Liquidity Ratio,%,2025-05-25,1.1193508943234085
RM4,Liquidity Ratio,%,2025-05-24,1.1107977036848067
RM4,Liquidity Ratio,%,2025-05-23,1.1161279505019188
RM4,Liquidity Ratio,%,2025-05-22,1.123556247541666
RM4,Liquidity Ratio,%,2025-05-21,1.1270614105431438
RM4,Liquidity Ratio,%,2025-05-18,1.1153057937728166
RM4,Liquidity Ratio,%,2025-05-17,1.1136149982445838
RM4,Liquidity Ratio,%,2025-05-16,1.1072764586687087
RM4,Liquidity Ratio,%,2025-05-15,1.1149646365674137
RM4,Liquidity Ratio,%,2025-05-14,1.1072658257559538
RM4,Liquidity Ratio,%,2025-05-11,1.116380279508114
RM4,Liquidity Ratio,%,2025-05-10,1.1116529156007766
RM4,Liquidity Ratio,%,2025-05-09,1.1137045719325542
RM4,Liquidity Ratio,%,2025-05-08,1.1129767836102247
RM4,Liquidity Ratio,%,2025-05-07,1.1072882385782599
RM4,Liquidity Ratio,%,2025-05-04,1.1214093769903182
RM4,Liquidity Ratio,%,2025-05-03,1.1236189353445172
RM4,Liquidity Ratio,%,2025-05-02,1.111885492468834
RM4,Liquidity Ratio,%,2025-05-01,1.1117683133112193
